You've been selected to receive an EXCLUSIVE GIFT CARD!, positive
Itâ€™s time to get your career graph moving!, positive
Your photo has been successfully published, positive
A 320+ GRE can be achieved through focussed preparation and meticulous practice, positive
people of Chamoli district in Uttarakhand woke up to yet another disaster, positive
I have received the final review file thanks!, negative
Good work on the assignment mansi loved it!, negative
Sending you the notes of our math class, negative
Please send me those big books for data science , negative
Sending you the final doc in 10 mins, negative
